Twitter id,name,description,url,category,language,country,fact,bias
abc,ABC News,"Your trusted source for breaking news, analysis, exclusive interviews, headlines, and videos at ABCNews.com.",https://abcnews.go.com,general,en,us,high,left-center
AlJazeera,Al Jazeera English,"News, analysis from the Middle East and worldwide, multimedia and interactives, opinions, documentaries, podcasts, long reads and broadcast schedule.",http://www.aljazeera.com,general,en,us,mixed,left-center
AP,Associated Press,"The AP delivers in-depth coverage on the international, politics, lifestyle, business, and entertainment news.",https://apnews.com/,general,en,us,high,center
axios,Axios,"Axios are a new media company delivering vital, trustworthy news and analysis in the most efficient, illuminating and shareable ways possible.",https://www.axios.com,general,en,us,high,left-center
BreitbartNews,Breitbart News,Syndicated news and opinion website providing continuously updated headlines to top news and analysis sources.,http://www.breitbart.com,general,en,us,mixed,right
CBSNews,CBS News,CBS News: dedicated to providing the best in journalism under standards it pioneered at the dawn of radio and television and continue in the digital age.,http://www.cbsnews.com,general,en,us,high,left-center
CNN,CNN,"View the latest news and breaking news today for U.S., world, weather, entertainment, politics and health at CNN",http://us.cnn.com,general,en,us,mixed,left
CNNEE,CNN Spanish,"Lee las últimas noticias e información sobre Latinoamérica, Estados Unidos, mundo, entretenimiento, política, salud, tecnología y deportes en CNNEspañol.com.",http://cnnespanol.cnn.com/,general,es,us,mixed,left
FoxNews,Fox News,"Breaking News, Latest News and Current News from FOXNews.com. Breaking news and video. Latest Current News: U.S., World, Entertainment, Health, Business, Technology, Politics, Sports.",http://www.foxnews.com,general,en,us,mixed,right
googlenews,Google News,"Comprehensive, up-to-date news coverage, aggregated from sources all over the world by Google News.",https://news.google.com,general,en,us,high,left-center
MSNBC,MSNBC,"Breaking news and in-depth analysis of the headlines, as well as commentary and informed perspectives from The Rachel Maddow Show, Morning Joe & more.",http://www.msnbc.com,general,en,us,mixed,left
NRO,National Review,"National Review: Conservative News, Opinion, Politics, Policy, & Current Events.",https://www.nationalreview.com/,general,en,us,high,right
NBCNews,NBC News,"Breaking news, videos, and the latest top stories in world news, business, politics, health and pop culture.",http://www.nbcnews.com,general,en,us,high,left-center
NewsWeek,Newsweek,"Newsweek provides in-depth analysis, news and opinion about international issues, technology, business, culture and politics.",https://www.newsweek.com,general,en,us,mixed,left
NYMag,New York Magazine,"NYMAG and New York magazine cover the new, the undiscovered, the next in politics, culture, food, fashion, and behavior nationally, through a New York lens.",http://nymag.com,general,en,us,high,left
politico,Politico,"Political news about Congress, the White House, campaigns, lobbyists and issues.",https://www.politico.com,general,en,us,low,center
Reuters,Reuters,"Reuters.com brings you the latest news from around the world, covering breaking news in business, politics, entertainment, technology, video and pictures.",http://www.reuters.com,general,en,us,high,center
amconmag,The American Conservative,Realism and reform. A new voice for a new generation of conservatives.,http://www.theamericanconservative.com/,general,en,us,high,right-center
thehill,The Hill,"The Hill is a top US political website, read by the White House and more lawmakers than any other site -- vital for policy, politics and election campaigns.",http://thehill.com,general,en,us,mixed,left-center
HuffPost,The Huffington Post,"The Huffington Post is a politically liberal American online news aggregator and blog that has both localized and international editions founded by Arianna Huffington, Kenneth Lerer, Andrew Breitbart, and Jonah Peretti, featuring columnists.",http://www.huffingtonpost.com,general,en,us,high,left-center
washingtonpost,The Washington Post,"Breaking news and analysis on politics, business, world national news, entertainment more. In-depth DC, Virginia, Maryland news coverage including traffic, weather, crime, education, restaurant reviews and more.",https://www.washingtonpost.com,general,en,us,high,left-center
WashTimes,The Washington Times,The Washington Times delivers breaking news and commentary on the issues that affect the future of our nation.,https://www.washingtontimes.com/,general,en,us,high,right-center
TIME,Time,"Breaking news and analysis from TIME.com. Politics, world news, photos, video, tech reviews, health, science and entertainment news.",http://time.com,general,en,us,high,left-center
USATODAY,USA Today,"Get the latest national, international, and political news at USATODAY.com.",http://www.usatoday.com/news,general,en,us,high,center
VICENews,Vice News,"Vice News is Vice Media, Inc.'s current affairs channel, producing daily documentary essays and video through its website and YouTube channel. It promotes itself on its coverage of ""under - reported stories"".",https://news.vice.com,general,en,us,mixed,left-center
