Twitter id,name,description,url,fact,bias,Modifed bias,account_tye
abc,ABC News,"Your trusted source for breaking news, analysis, exclusive interviews, headlines, and videos at ABCNews.com.",https://abcnews.go.com,high,left-center,left,media
AlJazeera,Al Jazeera English,"News, analysis from the Middle East and worldwide, multimedia and interactives, opinions, documentaries, podcasts, long reads and broadcast schedule.",http://www.aljazeera.com,mixed,left-center,left,media
AP,Associated Press,"The AP delivers in-depth coverage on the international, politics, lifestyle, business, and entertainment news.",https://apnews.com/,high,center,center,media
axios,Axios,"Axios are a new media company delivering vital, trustworthy news and analysis in the most efficient, illuminating and shareable ways possible.",https://www.axios.com,high,left-center,left,media
BreitbartNews,Breitbart News,Syndicated news and opinion website providing continuously updated headlines to top news and analysis sources.,http://www.breitbart.com,mixed,right,right,media
CBSNews,CBS News,CBS News: dedicated to providing the best in journalism under standards it pioneered at the dawn of radio and television and continue in the digital age.,http://www.cbsnews.com,high,left-center,left,media
CNN,CNN,"View the latest news and breaking news today for U.S., world, weather, entertainment, politics and health at CNN",http://us.cnn.com,mixed,left,left,media
CNNEE,CNN Spanish,"Lee las últimas noticias e información sobre Latinoamérica, Estados Unidos, mundo, entretenimiento, política, salud, tecnología y deportes en CNNEspañol.com.",http://cnnespanol.cnn.com/,mixed,left,left,media
FoxNews,Fox News,"Breaking News, Latest News and Current News from FOXNews.com. Breaking news and video. Latest Current News: U.S., World, Entertainment, Health, Business, Technology, Politics, Sports.",http://www.foxnews.com,mixed,right,right,media
googlenews,Google News,"Comprehensive, up-to-date news coverage, aggregated from sources all over the world by Google News.",https://news.google.com,high,left-center,left,media
MSNBC,MSNBC,"Breaking news and in-depth analysis of the headlines, as well as commentary and informed perspectives from The Rachel Maddow Show, Morning Joe & more.",http://www.msnbc.com,mixed,left,left,media
NRO,National Review,"National Review: Conservative News, Opinion, Politics, Policy, & Current Events.",https://www.nationalreview.com/,high,right,right,media
NBCNews,NBC News,"Breaking news, videos, and the latest top stories in world news, business, politics, health and pop culture.",http://www.nbcnews.com,high,left-center,left,media
NewsWeek,Newsweek,"Newsweek provides in-depth analysis, news and opinion about international issues, technology, business, culture and politics.",https://www.newsweek.com,mixed,left,left,media
NYMag,New York Magazine,"NYMAG and New York magazine cover the new, the undiscovered, the next in politics, culture, food, fashion, and behavior nationally, through a New York lens.",http://nymag.com,high,left,left,media
politico,Politico,"Political news about Congress, the White House, campaigns, lobbyists and issues.",https://www.politico.com,low,center,center,media
Reuters,Reuters,"Reuters.com brings you the latest news from around the world, covering breaking news in business, politics, entertainment, technology, video and pictures.",http://www.reuters.com,high,center,center,media
amconmag,The American Conservative,Realism and reform. A new voice for a new generation of conservatives.,http://www.theamericanconservative.com/,high,right-center,right,media
thehill,The Hill,"The Hill is a top US political website, read by the White House and more lawmakers than any other site -- vital for policy, politics and election campaigns.",http://thehill.com,mixed,left-center,left,media
HuffPost,The Huffington Post,"The Huffington Post is a politically liberal American online news aggregator and blog that has both localized and international editions founded by Arianna Huffington, Kenneth Lerer, Andrew Breitbart, and Jonah Peretti, featuring columnists.",http://www.huffingtonpost.com,high,left-center,left,media
washingtonpost,The Washington Post,"Breaking news and analysis on politics, business, world national news, entertainment more. In-depth DC, Virginia, Maryland news coverage including traffic, weather, crime, education, restaurant reviews and more.",https://www.washingtonpost.com,high,left-center,left,media
WashTimes,The Washington Times,The Washington Times delivers breaking news and commentary on the issues that affect the future of our nation.,https://www.washingtontimes.com/,high,right-center,right,media
TIME,Time,"Breaking news and analysis from TIME.com. Politics, world news, photos, video, tech reviews, health, science and entertainment news.",http://time.com,high,left-center,left,media
USATODAY,USA Today,"Get the latest national, international, and political news at USATODAY.com.",http://www.usatoday.com/news,high,center,center,media
VICENews,Vice News,"Vice News is Vice Media, Inc.'s current affairs channel, producing daily documentary essays and video through its website and YouTube channel. It promotes itself on its coverage of ""under - reported stories"".",https://news.vice.com,mixed,left-center,left,media
GOP,GOP,,,mixed,right,right,media
AppSame,App Same,,,mixed,right,right,media
zerohedge,Zero Hedge,,,low,right,right,media
AmericaDefiant,Defiant America,,,low,right,right,media
TheConservative,Conservative Post,,,low,right,right,media
Heritage,Heritage,,,mixed,right,right,media
RedState,Red State,,,mixed,right,right,media
theMRC,Media Research Center,,,mixed,right,right,media
RNC,Republican National Committee,,,low,right,right,media
hotairblog,Hot Air Blog,,,high,right,right,media
TeamTrump,Team Trump,,,low,right,right,media
patriotupdate,Patriot Update,,,low,right,right,media
TheAtlantic,The Atlantic,,,high,left-center,left,media
NoWhiteGuiltNWG,No White Guilt,,,low,right,right,media
ButMuhRussia,Aggressively White Russian Bot,,,low,right,right,media
Outsider__14,Outsider,,,low,right,right,media
gusphase2,gusphase2.0,,,low,right,right,media
AnatomicallyOK,John Q. Publius,,,low,right,right,media
CStamper_,Chris Stamper,,,low,right,right,media
esc_press,PressEscToGoBack,,,low,right,right,media
Urbanus_Crusade,Urbanus II,,,low,right,right,media
britishbullybee,proud to be british,,,low,right,right,media
RyanAFournier,Head of Students for Trump,,,low,right,right,media
ChuckCallesto,Media Personality,,,low,right,right,media
charliekirk11,Head of Turning Point USA,,,low,right,right,media
OliverMcGee,"Professor, Media Personality",,,low,right,right,media
TheHRH,Head of Independent Women's Voices,,,low,right,right,media
Scaramucci,The Mooch,,,low,right,right,media
drudgereport,Drudge Report,,,low,right,right,media
nytimes,NY times,,,high,left-center,left,media
Newsweek,News Week,,,mixed,left,left,media
businessinsider,Busimess Insider,,,high,left-center,left,media
usnews,US News,,,high,left-center,left,media
nypost,NY Post,,,mixed,right-center,right,media
cnbc,CNBC,,,high,left-center,left,media
NPR,NPR,,,high,left-center,left,media
people,People,,,high,left,left,media
BleacherReport,Bleacher Report,,,high,left-center,left,media
LAtimes,LA Times,,,high,left-center,left,media
slate,Slate,,,high,left,left,media
qz,Quartz,,,high,left,left,media
newyorker,The New Yorker,,,high,left,left,media
YahooNews,Yahoo News,,,high,left-center,left,media
chicagotribune,Chicago Tribune,,,high,right,right,media
truthout,Truth out,,,mixed,left,left,media
ChicagoReporter,The Chicago Reporter,,,high,left-center,left,media
ProgressiveArmy,Progressive Army,,,high,left,left,media
baltimoresun,The Baltimore Sun,,,high,left-center,left,media
democracynow,Democracy Now,,,high,left,left,media
Theeconomist,Economist,,,high,center,center,media
UWVirology,UW Virology,,,,,,healthcare_experts
DrMikeRyan,Mike Ryan,,,,,,healthcare_experts
SCBriand,Dr Sylvie Briand,,,,,,healthcare_experts
TomFrieden,Dr Tom Frieden,,,,,,healthcare_experts
SteveFDA,Dr Stephen M Hahn,,,,,,healthcare_experts
_HannahRitchie,Hannah Ritchie,,,,,,healthcare_experts
mvankerkhove,Maria Van Kerkhove,,,,,,healthcare_experts
MackayIM,"ɪᴀɴ ᴍ. ᴍᴀᴄᴋᴀʏ, ᴘʜᴅ",,,,,,healthcare_experts
DrPChouinard,Dr Philippe Chouinard,,,,,,healthcare_experts
MaxCRoser,Max Roser,,,,,,healthcare_experts
epstein_dan,Dan Epstein,,,,,,healthcare_experts
cmyeaton,Caitlin Rivers,,,,,,healthcare_experts
DavidJuurlink,David Jurrlink,,,,,,healthcare_experts
trishgreenhalgh,Trisha Greenhalgh,,,,,,healthcare_experts
CDCDirector,Dr Robert R Redfield,,,,,,healthcare_experts
CaulfieldTim,Timothy Caulfield,,,,,,healthcare_experts
Atul_Gawande,Atul Gawande,,,,,,healthcare_experts
AmeshAA,Amesh Adalja,,,,,,healthcare_experts
trvrb,Trever Bedford,,,,,,healthcare_experts
US_FDA,U.S. FDA,,,,,,healthcare_experts
GHS,Global Health Strategies,,,,,,healthcare_experts
DrTedros,Tedros Adhanom Ghebreyesus,,,,,,healthcare_experts
devisridhar,Devi Sridhar,,,,,,healthcare_experts
juliaoftoronto,Julia Belluz,,,,,,healthcare_experts
mugecevik,Muge Cevik,,,,,,healthcare_experts
celinegounder,"Céline Gounder, MD, ScM, FIDSA",,,,,,healthcare_experts
kakape,Kai Kupferschmidt,,,,,,healthcare_experts
ashishkjha,Ashish K. Jha,,,,,,healthcare_experts
JAMA_current,JAMA,,,,,,healthcare_experts
aetiology,Dr. Tara C. Smith,,,,,,healthcare_experts
HelenBranswell,Helen Branswell,,,,,,healthcare_experts
JohnHopkinsSPH,John Hopkins Bloomberg School of Public Health,,,,,,healthcare_experts
drewaharris,"Drew A. Harris, DPM, MPH",,,,,,healthcare_experts
vivek_murthy,Vivek Murthy,,,,,,healthcare_experts
WHO,World Health Organization (WHO),,,,,,healthcare_experts
realDonaldTrump,Donald J. Trump,,,,,,President
POTUS,President Trump,,,,,,President
